id,rutaId,origen,destino,salida,llegada,precio,empresa,clase,asientosDisponibles,duracion_horas,precio_por_hora,popularidad
48-238,48,Cathedral City,East Chelsea,2023-11-15 05:00:00,2023-11-15 10:02:00,351,Cathedral City - East Chelsea,Económica,46,5.033333333333333,69.73509933774835,3.8501476017100584
4-18,4,East Los Angeles,Lake Madgeberg,2023-11-15 05:01:00,2023-11-15 12:40:00,403,East Los Angeles - Lake Madgeberg,Económica,53,7.65,52.6797385620915,3.9889840465642745
4-19,4,East Los Angeles,Lake Madgeberg,2023-11-15 05:01:00,2023-11-15 12:45:00,403,East Los Angeles - Lake Madgeberg,Económica,51,7.733333333333333,52.11206896551724,3.9512437185814275
11-53,11,East Kaylie,Lake Laney,2023-11-15 05:02:00,2023-11-15 09:51:00,243,East Kaylie - Lake Laney,Económica,38,4.816666666666666,50.44982698961938,3.6635616461296463
31-152,31,Yakima,Fort Sydnichester,2023-11-15 05:04:00,2023-11-15 12:26:00,418,Yakima - Fort Sydnichester,Económica,59,7.366666666666666,56.742081447963805,4.0943445622221
19-91,19,Streichburgh,North Lydia,2023-11-15 05:10:00,2023-11-15 06:19:00,64,Streichburgh - North Lydia,Económica,56,1.15,55.652173913043484,4.04305126783455
30-150,30,South Elizabethton,Cronaland,2023-11-15 05:13:00,2023-11-15 12:17:00,397,South Elizabethton - Cronaland,Económica,27,7.066666666666666,56.17924528301887,3.332204510175204
2-6,2,West Seneca,East Araville,2023-11-15 05:17:00,2023-11-15 12:16:00,316,West Seneca - East Araville,Económica,50,6.983333333333333,45.25059665871122,3.9318256327243257
29-145,29,Pourosport,South Lavonville,2023-11-15 05:19:00,2023-11-15 06:47:00,79,Pourosport - South Lavonville,Económica,27,1.4666666666666666,53.86363636363637,3.332204510175204
35-175,35,Mount Vernon,Alhambra,2023-11-15 05:20:00,2023-11-15 06:05:00,33,Mount Vernon - Alhambra,Económica,48,0.75,44.0,3.8918202981106265
70-347,70,Port Shanie,North Yoshiko,2023-11-15 05:20:00,2023-11-15 14:33:00,453,Port Shanie - North Yoshiko,Económica,41,9.216666666666667,49.1500904159132,3.7376696182833684
56-277,56,New Albertotown,Hacienda Heights,2023-11-15 05:21:00,2023-11-15 13:34:00,323,New Albertotown - Hacienda Heights,Económica,36,8.216666666666667,39.310344827586206,3.6109179126442243
65-323,65,South Mallie,Botsfordfort,2023-11-15 05:24:00,2023-11-15 08:09:00,187,South Mallie - Botsfordfort,Económica,57,2.75,68.0,4.060443010546419
68-339,68,Lake Averyland,Mervinton,2023-11-15 05:26:00,2023-11-15 10:21:00,212,Lake Averyland - Mervinton,Económica,29,4.916666666666667,43.11864406779661,3.4011973816621555
21-104,21,East Dortha,Lake Holden,2023-11-15 05:27:00,2023-11-15 13:01:00,403,East Dortha - Lake Holden,Económica,40,7.566666666666666,53.25991189427313,3.713572066704308
27-134,27,Traceview,Wehnerbury,2023-11-15 05:28:00,2023-11-15 11:26:00,270,Traceview - Wehnerbury,Económica,32,5.966666666666667,45.25139664804469,3.4965075614664802
16-79,16,Brockton,Grahamboro,2023-11-15 05:29:00,2023-11-15 08:28:00,107,Brockton - Grahamboro,Económica,52,2.9833333333333334,35.865921787709496,3.970291913552122
49-243,49,Gregoryhaven,Derrickview,2023-11-15 05:33:00,2023-11-15 06:17:00,44,Gregoryhaven - Derrickview,Económica,47,0.7333333333333333,60.00000000000001,3.871201010907891
42-206,42,Fort Josiah,Hackettview,2023-11-15 05:34:00,2023-11-15 06:12:00,53,Fort Josiah - Hackettview,Económica,24,0.6333333333333333,83.6842105263158,3.2188758248682006
63-315,63,Abshireside,West Janickworth,2023-11-15 05:37:00,2023-11-15 12:11:00,257,Abshireside - West Janickworth,Económica,42,6.566666666666666,39.13705583756345,3.7612001156935624
51-252,51,North Samir,Fort Hershelstead,2023-11-15 05:38:00,2023-11-15 13:52:00,315,North Samir - Fort Hershelstead,Económica,49,8.233333333333333,38.25910931174089,3.912023005428146
14-69,14,South Cielochester,Naperville,2023-11-15 05:41:00,2023-11-15 12:17:00,316,South Cielochester - Naperville,Económica,53,6.6,47.87878787878788,3.9889840465642745
29-144,29,Pourosport,South Lavonville,2023-11-15 05:42:00,2023-11-15 07:05:00,79,Pourosport - South Lavonville,Económica,26,1.3833333333333333,57.10843373493976,3.295836866004329
65-322,65,South Mallie,Botsfordfort,2023-11-15 05:45:00,2023-11-15 08:25:00,187,South Mallie - Botsfordfort,Económica,36,2.6666666666666665,70.125,3.6109179126442243
66-328,66,St. Joseph,Kovacekberg,2023-11-15 05:45:00,2023-11-15 12:21:00,292,St. Joseph - Kovacekberg,Económica,47,6.6,44.24242424242424,3.871201010907891
71-352,71,Littleside,West Coty,2023-11-15 05:46:00,2023-11-15 09:14:00,128,Littleside - West Coty,Económica,55,3.466666666666667,36.92307692307692,4.02535169073515
50-246,50,South Antonia,South Santa,2023-11-15 05:48:00,2023-11-15 18:29:00,476,South Antonia - South Santa,Económica,24,12.683333333333334,37.52956636005256,3.2188758248682006
78-389,78,Loveland,Brandon,2023-11-15 05:51:00,2023-11-15 10:01:00,317,Loveland - Brandon,Económica,58,4.166666666666667,76.08,4.07753744390572
46-229,46,Leonfield,Tremblayfurt,2023-11-15 05:52:00,2023-11-15 06:27:00,17,Leonfield - Tremblayfurt,Económica,57,0.5833333333333334,29.142857142857142,4.060443010546419
35-174,35,Mount Vernon,Alhambra,2023-11-15 05:53:00,2023-11-15 06:33:00,33,Mount Vernon - Alhambra,Económica,27,0.6666666666666666,49.5,3.332204510175204
58-289,58,Reillyborough,Lindton,2023-11-15 06:00:00,2023-11-15 08:41:00,129,Reillyborough - Lindton,Económica,57,2.683333333333333,48.07453416149069,4.060443010546419
26-129,26,Schmidtborough,Sarasota,2023-11-15 06:03:00,2023-11-15 12:35:00,242,Schmidtborough - Sarasota,Económica,24,6.533333333333333,37.04081632653061,3.2188758248682006
46-227,46,Leonfield,Tremblayfurt,2023-11-15 06:07:00,2023-11-15 06:32:00,17,Leonfield - Tremblayfurt,Económica,37,0.4166666666666667,40.8,3.6375861597263857
32-160,32,Toyfield,Ullrichview,2023-11-15 06:10:00,2023-11-15 18:10:00,428,Toyfield - Ullrichview,Económica,44,12.0,35.666666666666664,3.8066624897703196
54-269,54,South Ettieboro,Madelineboro,2023-11-15 06:12:00,2023-11-15 07:31:00,56,South Ettieboro - Madelineboro,Económica,37,1.3166666666666667,42.53164556962025,3.6375861597263857
75-372,75,Swaniawskistead,New Sheridanborough,2023-11-15 06:16:00,2023-11-15 11:06:00,406,Swaniawskistead - New Sheridanborough,Económica,31,4.833333333333333,84.0,3.4657359027997265
73-365,73,East Alethafurt,Dannyland,2023-11-15 06:17:00,2023-11-15 12:31:00,304,East Alethafurt - Dannyland,Económica,51,6.233333333333333,48.77005347593583,3.9512437185814275
11-54,11,East Kaylie,Lake Laney,2023-11-15 06:19:00,2023-11-15 11:13:00,243,East Kaylie - Lake Laney,Económica,52,4.9,49.59183673469387,3.970291913552122
70-349,70,Port Shanie,North Yoshiko,2023-11-15 06:20:00,2023-11-15 15:43:00,453,Port Shanie - North Yoshiko,Económica,54,9.383333333333333,48.27708703374778,4.007333185232471
1-4,1,North Clementcester,West Nathenstad,2023-11-15 06:22:00,2023-11-15 11:48:00,218,North Clementcester - West Nathenstad,Económica,23,5.433333333333334,40.122699386503065,3.1780538303479458
4-16,4,East Los Angeles,Lake Madgeberg,2023-11-15 06:27:00,2023-11-15 13:56:00,403,East Los Angeles - Lake Madgeberg,Económica,45,7.483333333333333,53.85300668151448,3.828641396489095
69-341,69,Norman,East Giuseppe,2023-11-15 06:27:00,2023-11-15 16:14:00,365,Norman - East Giuseppe,Económica,39,9.783333333333333,37.30834752981261,3.6888794541139363
12-59,12,Wolffborough,Lake Giovaniville,2023-11-15 06:34:00,2023-11-15 09:22:00,170,Wolffborough - Lake Giovaniville,Económica,30,2.8,60.714285714285715,3.4339872044851463
28-137,28,Lake Dallascester,Faheyland,2023-11-15 06:35:00,2023-11-15 08:57:00,156,Lake Dallascester - Faheyland,Económica,49,2.3666666666666667,65.91549295774648,3.912023005428146
57-283,57,Port Destinistad,Verlafurt,2023-11-15 06:35:00,2023-11-15 08:20:00,74,Port Destinistad - Verlafurt,Económica,51,1.75,42.285714285714285,3.9512437185814275
37-185,37,East Johan,La Mirada,2023-11-15 06:39:00,2023-11-15 13:26:00,521,East Johan - La Mirada,Económica,39,6.783333333333333,76.80589680589681,3.6888794541139363
33-163,33,Fort Wyattworth,Cornellfurt,2023-11-15 06:41:00,2023-11-15 07:33:00,32,Fort Wyattworth - Cornellfurt,Económica,20,0.8666666666666667,36.92307692307692,3.044522437723423
10-46,10,East Brennonstead,Mrazhaven,2023-11-15 06:42:00,2023-11-15 11:47:00,205,East Brennonstead - Mrazhaven,Económica,52,5.083333333333333,40.32786885245902,3.970291913552122
39-193,39,Ricemouth,Conroybury,2023-11-15 06:51:00,2023-11-15 08:40:00,112,Ricemouth - Conroybury,Económica,32,1.8166666666666667,61.65137614678899,3.4965075614664802
75-374,75,Swaniawskistead,New Sheridanborough,2023-11-15 06:53:00,2023-11-15 11:53:00,406,Swaniawskistead - New Sheridanborough,Económica,35,5.0,81.2,3.58351893845611
33-161,33,Fort Wyattworth,Cornellfurt,2023-11-15 06:58:00,2023-11-15 07:40:00,32,Fort Wyattworth - Cornellfurt,Económica,29,0.7,45.714285714285715,3.4011973816621555
43-212,43,Fort Myers,Lake Hazle,2023-11-15 07:00:00,2023-11-15 08:24:00,110,Fort Myers - Lake Hazle,Económica,39,1.4,78.57142857142857,3.6888794541139363
64-317,64,North Kassandra,Euclid,2023-11-15 07:05:00,2023-11-15 07:30:00,12,North Kassandra - Euclid,Económica,52,0.4166666666666667,28.799999999999997,3.970291913552122
65-325,65,South Mallie,Botsfordfort,2023-11-15 07:05:00,2023-11-15 10:00:00,187,South Mallie - Botsfordfort,Económica,56,2.9166666666666665,64.11428571428571,4.04305126783455
73-364,73,East Alethafurt,Dannyland,2023-11-15 07:09:00,2023-11-15 13:18:00,304,East Alethafurt - Dannyland,Económica,44,6.15,49.43089430894309,3.8066624897703196
32-157,32,Toyfield,Ullrichview,2023-11-15 07:11:00,2023-11-15 18:56:00,428,Toyfield - Ullrichview,Económica,40,11.75,36.42553191489362,3.713572066704308
17-85,17,North Christyfield,Cassinchester,2023-11-15 07:14:00,2023-11-15 09:45:00,145,North Christyfield - Cassinchester,Económica,33,2.5166666666666666,57.6158940397351,3.5263605246161616
11-51,11,East Kaylie,Lake Laney,2023-11-15 07:16:00,2023-11-15 11:55:00,243,East Kaylie - Lake Laney,Económica,41,4.65,52.258064516129025,3.7376696182833684
56-279,56,New Albertotown,Hacienda Heights,2023-11-15 07:18:00,2023-11-15 15:41:00,323,New Albertotown - Hacienda Heights,Económica,55,8.383333333333333,38.52882703777336,4.02535169073515
36-179,36,Rennerville,Morgan Hill,2023-11-15 07:20:00,2023-11-15 13:11:00,483,Rennerville - Morgan Hill,Económica,24,5.85,82.56410256410257,3.2188758248682006
74-366,74,East Jodyview,North Adrianahaven,2023-11-15 07:23:00,2023-11-15 11:02:00,303,East Jodyview - North Adrianahaven,Económica,24,3.65,83.01369863013699,3.2188758248682006
5-21,5,Reedboro,Saigeside,2023-11-15 07:24:00,2023-11-15 13:47:00,348,Reedboro - Saigeside,Económica,38,6.383333333333334,54.516971279373365,3.6635616461296463
27-131,27,Traceview,Wehnerbury,2023-11-15 07:27:00,2023-11-15 13:10:00,270,Traceview - Wehnerbury,Económica,49,5.716666666666667,47.23032069970846,3.912023005428146
18-86,18,Fritschside,Cummerataberg,2023-11-15 07:28:00,2023-11-15 12:36:00,432,Fritschside - Cummerataberg,Económica,58,5.133333333333334,84.15584415584415,4.07753744390572
74-367,74,East Jodyview,North Adrianahaven,2023-11-15 07:28:00,2023-11-15 11:12:00,303,East Jodyview - North Adrianahaven,Económica,21,3.7333333333333334,81.16071428571428,3.091042453358316
39-192,39,Ricemouth,Conroybury,2023-11-15 07:32:00,2023-11-15 09:16:00,112,Ricemouth - Conroybury,Económica,56,1.7333333333333334,64.61538461538461,4.04305126783455
36-177,36,Rennerville,Morgan Hill,2023-11-15 07:34:00,2023-11-15 13:15:00,483,Rennerville - Morgan Hill,Económica,59,5.683333333333334,84.98533724340176,4.0943445622221
63-313,63,Abshireside,West Janickworth,2023-11-15 07:34:00,2023-11-15 13:58:00,257,Abshireside - West Janickworth,Económica,41,6.4,40.15625,3.7376696182833684
33-165,33,Fort Wyattworth,Cornellfurt,2023-11-15 07:37:00,2023-11-15 08:39:00,32,Fort Wyattworth - Cornellfurt,Económica,38,1.0333333333333334,30.96774193548387,3.6635616461296463
16-78,16,Brockton,Grahamboro,2023-11-15 07:40:00,2023-11-15 10:34:00,107,Brockton - Grahamboro,Económica,48,2.9,36.89655172413793,3.8918202981106265
67-332,67,Magnoliaport,Andersonport,2023-11-15 07:41:00,2023-11-15 12:46:00,369,Magnoliaport - Andersonport,Económica,51,5.083333333333333,72.59016393442623,3.9512437185814275
59-293,59,Lake Brendon,West Liliana,2023-11-15 07:48:00,2023-11-15 16:53:00,473,Lake Brendon - West Liliana,Económica,42,9.083333333333334,52.07339449541284,3.7612001156935624
13-63,13,New Rileyport,North Erling,2023-11-15 07:50:00,2023-11-15 11:07:00,191,New Rileyport - North Erling,Económica,49,3.283333333333333,58.172588832487314,3.912023005428146
80-400,80,Merlfort,South Lauracester,2023-11-15 07:53:00,2023-11-15 13:37:00,303,Merlfort - South Lauracester,Económica,20,5.733333333333333,52.848837209302324,3.044522437723423
54-266,54,South Ettieboro,Madelineboro,2023-11-15 07:54:00,2023-11-15 08:58:00,56,South Ettieboro - Madelineboro,Económica,58,1.0666666666666667,52.5,4.07753744390572
3-14,3,Grimesburgh,Sunrise,2023-11-15 07:56:00,2023-11-15 09:12:00,86,Grimesburgh - Sunrise,Económica,44,1.2666666666666666,67.89473684210526,3.8066624897703196
77-382,77,East Willieland,Lemuelfurt,2023-11-15 07:56:00,2023-11-15 14:28:00,494,East Willieland - Lemuelfurt,Económica,23,6.533333333333333,75.61224489795919,3.1780538303479458
63-312,63,Abshireside,West Janickworth,2023-11-15 07:58:00,2023-11-15 14:17:00,257,Abshireside - West Janickworth,Económica,34,6.316666666666666,40.68601583113457,3.5553480614894135
36-178,36,Rennerville,Morgan Hill,2023-11-15 07:59:00,2023-11-15 13:45:00,483,Rennerville - Morgan Hill,Económica,54,5.766666666666667,83.75722543352602,4.007333185232471
56-278,56,New Albertotown,Hacienda Heights,2023-11-15 08:01:00,2023-11-15 16:19:00,323,New Albertotown - Hacienda Heights,Económica,23,8.3,38.91566265060241,3.1780538303479458
10-50,10,East Brennonstead,Mrazhaven,2023-11-15 08:12:00,2023-11-15 13:37:00,205,East Brennonstead - Mrazhaven,Económica,50,5.416666666666667,37.84615384615385,3.9318256327243257
13-61,13,New Rileyport,North Erling,2023-11-15 08:12:00,2023-11-15 11:19:00,191,New Rileyport - North Erling,Económica,24,3.1166666666666667,61.283422459893046,3.2188758248682006
55-273,55,Hollywood,Kelsieburgh,2023-11-15 08:12:00,2023-11-15 09:02:00,25,Hollywood - Kelsieburgh,Económica,44,0.8333333333333334,30.0,3.8066624897703196
36-180,36,Rennerville,Morgan Hill,2023-11-15 08:13:00,2023-11-15 14:09:00,483,Rennerville - Morgan Hill,Económica,34,5.933333333333334,81.40449438202246,3.5553480614894135
29-143,29,Pourosport,South Lavonville,2023-11-15 08:16:00,2023-11-15 09:34:00,79,Pourosport - South Lavonville,Económica,41,1.3,60.76923076923077,3.7376696182833684
77-381,77,East Willieland,Lemuelfurt,2023-11-15 08:16:00,2023-11-15 14:43:00,494,East Willieland - Lemuelfurt,Económica,59,6.45,76.5891472868217,4.0943445622221
3-13,3,Grimesburgh,Sunrise,2023-11-15 08:17:00,2023-11-15 09:28:00,86,Grimesburgh - Sunrise,Económica,36,1.1833333333333333,72.67605633802816,3.6109179126442243
34-169,34,East Odashire,Gulgowskiland,2023-11-15 08:17:00,2023-11-15 09:34:00,84,East Odashire - Gulgowskiland,Económica,53,1.2833333333333334,65.45454545454545,3.9889840465642745
72-359,72,Fort Deonworth,Lake Rafael,2023-11-15 08:31:00,2023-11-15 09:56:00,51,Fort Deonworth - Lake Rafael,Económica,40,1.4166666666666667,36.0,3.713572066704308
50-247,50,South Antonia,South Santa,2023-11-15 08:34:00,2023-11-15 21:20:00,476,South Antonia - South Santa,Económica,42,12.766666666666667,37.284595300261095,3.7612001156935624
54-267,54,South Ettieboro,Madelineboro,2023-11-15 08:39:00,2023-11-15 09:48:00,56,South Ettieboro - Madelineboro,Económica,47,1.15,48.69565217391305,3.871201010907891
50-248,50,South Antonia,South Santa,2023-11-15 08:43:00,2023-11-15 21:34:00,476,South Antonia - South Santa,Económica,47,12.85,37.04280155642024,3.871201010907891
58-287,58,Reillyborough,Lindton,2023-11-15 08:43:00,2023-11-15 11:14:00,129,Reillyborough - Lindton,Económica,43,2.5166666666666666,51.258278145695364,3.784189633918261
54-270,54,South Ettieboro,Madelineboro,2023-11-15 08:45:00,2023-11-15 10:09:00,56,South Ettieboro - Madelineboro,Económica,48,1.4,40.0,3.8918202981106265
69-343,69,Norman,East Giuseppe,2023-11-15 08:45:00,2023-11-15 18:42:00,365,Norman - East Giuseppe,Económica,46,9.95,36.68341708542714,3.8501476017100584
42-210,42,Fort Josiah,Hackettview,2023-11-15 08:51:00,2023-11-15 09:49:00,53,Fort Josiah - Hackettview,Económica,24,0.9666666666666667,54.82758620689655,3.2188758248682006
1-1,1,North Clementcester,West Nathenstad,2023-11-15 08:53:00,2023-11-15 14:04:00,218,North Clementcester - West Nathenstad,Económica,44,5.183333333333334,42.057877813504824,3.8066624897703196
5-25,5,Reedboro,Saigeside,2023-11-15 08:53:00,2023-11-15 15:36:00,348,Reedboro - Saigeside,Económica,56,6.716666666666667,51.811414392059554,4.04305126783455
20-99,20,Fort Scottie,Pine Bluff,2023-11-15 08:53:00,2023-11-15 09:54:00,39,Fort Scottie - Pine Bluff,Económica,54,1.0166666666666666,38.36065573770492,4.007333185232471
43-214,43,Fort Myers,Lake Hazle,2023-11-15 08:53:00,2023-11-15 10:27:00,110,Fort Myers - Lake Hazle,Económica,47,1.5666666666666667,70.2127659574468,3.871201010907891
9-45,9,Boynton Beach,Murazikmouth,2023-11-15 08:56:00,2023-11-15 12:00:00,160,Boynton Beach - Murazikmouth,Económica,53,3.066666666666667,52.17391304347826,3.9889840465642745
76-379,76,Tigard,Port Cleo,2023-11-15 08:57:00,2023-11-15 11:15:00,106,Tigard - Port Cleo,Económica,29,2.3,46.08695652173913,3.4011973816621555
17-81,17,North Christyfield,Cassinchester,2023-11-15 08:59:00,2023-11-15 11:10:00,145,North Christyfield - Cassinchester,Económica,31,2.183333333333333,66.41221374045803,3.4657359027997265
53-265,53,Daynahaven,South Lesleyfield,2023-11-15 09:10:00,2023-11-15 16:16:00,306,Daynahaven - South Lesleyfield,Económica,34,7.1,43.098591549295776,3.5553480614894135
72-358,72,Fort Deonworth,Lake Rafael,2023-11-15 09:12:00,2023-11-15 10:32:00,51,Fort Deonworth - Lake Rafael,Económica,52,1.3333333333333333,38.25,3.970291913552122
27-132,27,Traceview,Wehnerbury,2023-11-15 09:18:00,2023-11-15 15:06:00,270,Traceview - Wehnerbury,Económica,31,5.8,46.55172413793104,3.4657359027997265
27-135,27,Traceview,Wehnerbury,2023-11-15 09:22:00,2023-11-15 15:25:00,270,Traceview - Wehnerbury,Económica,56,6.05,44.62809917355372,4.04305126783455
59-292,59,Lake Brendon,West Liliana,2023-11-15 09:26:00,2023-11-15 18:26:00,473,Lake Brendon - West Liliana,Económica,51,9.0,52.55555555555556,3.9512437185814275
1-2,1,North Clementcester,West Nathenstad,2023-11-15 09:28:00,2023-11-15 14:44:00,218,North Clementcester - West Nathenstad,Económica,54,5.266666666666667,41.39240506329114,4.007333185232471
43-213,43,Fort Myers,Lake Hazle,2023-11-15 09:29:00,2023-11-15 10:58:00,110,Fort Myers - Lake Hazle,Económica,20,1.4833333333333334,74.15730337078651,3.044522437723423
64-316,64,North Kassandra,Euclid,2023-11-15 09:30:00,2023-11-15 09:50:00,12,North Kassandra - Euclid,Económica,33,0.3333333333333333,36.0,3.5263605246161616
66-326,66,St. Joseph,Kovacekberg,2023-11-15 09:31:00,2023-11-15 15:57:00,292,St. Joseph - Kovacekberg,Económica,51,6.433333333333334,45.38860103626943,3.9512437185814275
62-308,62,East Karli,Lake Bernhard,2023-11-15 09:37:00,2023-11-15 10:50:00,39,East Karli - Lake Bernhard,Económica,26,1.2166666666666666,32.05479452054795,3.295836866004329
2-10,2,West Seneca,East Araville,2023-11-15 09:38:00,2023-11-15 16:57:00,316,West Seneca - East Araville,Económica,45,7.316666666666666,43.18906605922552,3.828641396489095
67-334,67,Magnoliaport,Andersonport,2023-11-15 09:39:00,2023-11-15 14:54:00,369,Magnoliaport - Andersonport,Económica,34,5.25,70.28571428571429,3.5553480614894135
79-394,79,Fort Bruce,South Sybleside,2023-11-15 09:42:00,2023-11-15 19:22:00,441,Fort Bruce - South Sybleside,Económica,32,9.666666666666666,45.62068965517242,3.4965075614664802
28-139,28,Lake Dallascester,Faheyland,2023-11-15 09:43:00,2023-11-15 12:15:00,156,Lake Dallascester - Faheyland,Económica,53,2.533333333333333,61.578947368421055,3.9889840465642745
48-236,48,Cathedral City,East Chelsea,2023-11-15 09:49:00,2023-11-15 14:41:00,351,Cathedral City - East Chelsea,Económica,53,4.866666666666666,72.12328767123289,3.9889840465642745
49-241,49,Gregoryhaven,Derrickview,2023-11-15 09:49:00,2023-11-15 10:23:00,44,Gregoryhaven - Derrickview,Económica,47,0.5666666666666667,77.64705882352942,3.871201010907891
50-250,50,South Antonia,South Santa,2023-11-15 09:50:00,2023-11-15 22:51:00,476,South Antonia - South Santa,Económica,54,13.016666666666667,36.568501920614594,4.007333185232471
10-47,10,East Brennonstead,Mrazhaven,2023-11-15 10:00:00,2023-11-15 15:10:00,205,East Brennonstead - Mrazhaven,Económica,46,5.166666666666667,39.677419354838705,3.8501476017100584
47-234,47,Gleichnerworth,Gloriaview,2023-11-15 10:01:00,2023-11-15 11:58:00,147,Gleichnerworth - Gloriaview,Económica,46,1.95,75.38461538461539,3.8501476017100584
73-361,73,East Alethafurt,Dannyland,2023-11-15 10:01:00,2023-11-15 15:55:00,304,East Alethafurt - Dannyland,Económica,48,5.9,51.52542372881356,3.8918202981106265
43-215,43,Fort Myers,Lake Hazle,2023-11-15 10:02:00,2023-11-15 11:41:00,110,Fort Myers - Lake Hazle,Económica,29,1.65,66.66666666666667,3.4011973816621555
44-220,44,Shanahanboro,Cleveland,2023-11-15 10:05:00,2023-11-15 17:07:00,242,Shanahanboro - Cleveland,Económica,49,7.033333333333333,34.40758293838863,3.912023005428146
46-226,46,Leonfield,Tremblayfurt,2023-11-15 10:05:00,2023-11-15 10:25:00,17,Leonfield - Tremblayfurt,Económica,44,0.3333333333333333,51.0,3.8066624897703196
20-98,20,Fort Scottie,Pine Bluff,2023-11-15 10:11:00,2023-11-15 11:07:00,39,Fort Scottie - Pine Bluff,Económica,26,0.9333333333333333,41.785714285714285,3.295836866004329
76-380,76,Tigard,Port Cleo,2023-11-15 10:12:00,2023-11-15 12:35:00,106,Tigard - Port Cleo,Económica,38,2.3833333333333333,44.47552447552447,3.6635616461296463
53-261,53,Daynahaven,South Lesleyfield,2023-11-15 10:18:00,2023-11-15 17:04:00,306,Daynahaven - South Lesleyfield,Económica,48,6.766666666666667,45.22167487684729,3.8918202981106265
8-36,8,Hamilton,Bodefurt,2023-11-15 10:23:00,2023-11-15 15:48:00,444,Hamilton - Bodefurt,Económica,34,5.416666666666667,81.96923076923076,3.5553480614894135
21-103,21,East Dortha,Lake Holden,2023-11-15 10:23:00,2023-11-15 17:52:00,403,East Dortha - Lake Holden,Económica,46,7.483333333333333,53.85300668151448,3.8501476017100584
41-205,41,Fond du Lac,Westminster,2023-11-15 10:27:00,2023-11-15 15:47:00,429,Fond du Lac - Westminster,Económica,27,5.333333333333333,80.4375,3.332204510175204
80-399,80,Merlfort,South Lauracester,2023-11-15 10:29:00,2023-11-15 16:08:00,303,Merlfort - South Lauracester,Económica,55,5.65,53.62831858407079,4.02535169073515
2-9,2,West Seneca,East Araville,2023-11-15 10:31:00,2023-11-15 17:45:00,316,West Seneca - East Araville,Económica,21,7.233333333333333,43.68663594470046,3.091042453358316
19-95,19,Streichburgh,North Lydia,2023-11-15 10:35:00,2023-11-15 12:04:00,64,Streichburgh - North Lydia,Económica,32,1.4833333333333334,43.146067415730336,3.4965075614664802
68-336,68,Lake Averyland,Mervinton,2023-11-15 10:35:00,2023-11-15 15:15:00,212,Lake Averyland - Mervinton,Económica,38,4.666666666666667,45.42857142857142,3.6635616461296463
52-259,52,Wiegandton,Homenickview,2023-11-15 10:36:00,2023-11-15 17:15:00,331,Wiegandton - Homenickview,Económica,37,6.65,49.774436090225564,3.6375861597263857
53-264,53,Daynahaven,South Lesleyfield,2023-11-15 10:37:00,2023-11-15 17:38:00,306,Daynahaven - South Lesleyfield,Económica,23,7.016666666666667,43.6104513064133,3.1780538303479458
41-203,41,Fond du Lac,Westminster,2023-11-15 10:38:00,2023-11-15 15:48:00,429,Fond du Lac - Westminster,Económica,22,5.166666666666667,83.03225806451613,3.1354942159291497
2-7,2,West Seneca,East Araville,2023-11-15 10:39:00,2023-11-15 17:43:00,316,West Seneca - East Araville,Económica,35,7.066666666666666,44.716981132075475,3.58351893845611
44-217,44,Shanahanboro,Cleveland,2023-11-15 10:40:00,2023-11-15 17:27:00,242,Shanahanboro - Cleveland,Económica,20,6.783333333333333,35.67567567567568,3.044522437723423
49-245,49,Gregoryhaven,Derrickview,2023-11-15 10:41:00,2023-11-15 11:35:00,44,Gregoryhaven - Derrickview,Económica,38,0.9,48.888888888888886,3.6635616461296463
3-12,3,Grimesburgh,Sunrise,2023-11-15 10:43:00,2023-11-15 11:49:00,86,Grimesburgh - Sunrise,Económica,49,1.1,78.18181818181817,3.912023005428146
55-272,55,Hollywood,Kelsieburgh,2023-11-15 10:43:00,2023-11-15 11:28:00,25,Hollywood - Kelsieburgh,Económica,46,0.75,33.333333333333336,3.8501476017100584
76-376,76,Tigard,Port Cleo,2023-11-15 10:44:00,2023-11-15 12:47:00,106,Tigard - Port Cleo,Económica,47,2.05,51.707317073170735,3.871201010907891
79-393,79,Fort Bruce,South Sybleside,2023-11-15 10:44:00,2023-11-15 20:19:00,441,Fort Bruce - South Sybleside,Económica,54,9.583333333333334,46.017391304347825,4.007333185232471
7-31,7,Dedricchester,Wizashire,2023-11-15 10:52:00,2023-11-15 17:52:00,527,Dedricchester - Wizashire,Económica,37,7.0,75.28571428571429,3.6375861597263857
18-88,18,Fritschside,Cummerataberg,2023-11-15 10:57:00,2023-11-15 16:15:00,432,Fritschside - Cummerataberg,Económica,33,5.3,81.50943396226415,3.5263605246161616
8-37,8,Hamilton,Bodefurt,2023-11-15 10:58:00,2023-11-15 16:28:00,444,Hamilton - Bodefurt,Económica,58,5.5,80.72727272727273,4.07753744390572
9-42,9,Boynton Beach,Murazikmouth,2023-11-15 11:00:00,2023-11-15 13:49:00,160,Boynton Beach - Murazikmouth,Económica,41,2.816666666666667,56.80473372781065,3.7376696182833684
14-68,14,South Cielochester,Naperville,2023-11-15 11:01:00,2023-11-15 17:32:00,316,South Cielochester - Naperville,Económica,44,6.516666666666667,48.491048593350385,3.8066624897703196
42-207,42,Fort Josiah,Hackettview,2023-11-15 11:02:00,2023-11-15 11:45:00,53,Fort Josiah - Hackettview,Económica,39,0.7166666666666667,73.95348837209302,3.6888794541139363
47-235,47,Gleichnerworth,Gloriaview,2023-11-15 11:02:00,2023-11-15 13:04:00,147,Gleichnerworth - Gloriaview,Económica,46,2.033333333333333,72.29508196721312,3.8501476017100584
52-256,52,Wiegandton,Homenickview,2023-11-15 11:02:00,2023-11-15 17:26:00,331,Wiegandton - Homenickview,Económica,49,6.4,51.71875,3.912023005428146
66-327,66,St. Joseph,Kovacekberg,2023-11-15 11:02:00,2023-11-15 17:33:00,292,St. Joseph - Kovacekberg,Económica,48,6.516666666666667,44.808184143222505,3.8918202981106265
28-136,28,Lake Dallascester,Faheyland,2023-11-15 11:03:00,2023-11-15 13:20:00,156,Lake Dallascester - Faheyland,Económica,48,2.283333333333333,68.32116788321169,3.8918202981106265
74-369,74,East Jodyview,North Adrianahaven,2023-11-15 11:06:00,2023-11-15 15:00:00,303,East Jodyview - North Adrianahaven,Económica,31,3.9,77.6923076923077,3.4657359027997265
61-305,61,New Harrison,Faystead,2023-11-15 11:07:00,2023-11-15 20:28:00,343,New Harrison - Faystead,Económica,33,9.35,36.68449197860963,3.5263605246161616
72-356,72,Fort Deonworth,Lake Rafael,2023-11-15 11:08:00,2023-11-15 12:18:00,51,Fort Deonworth - Lake Rafael,Económica,39,1.1666666666666667,43.71428571428571,3.6888794541139363
15-71,15,Yorba Linda,Arloside,2023-11-15 11:11:00,2023-11-15 13:28:00,87,Yorba Linda - Arloside,Económica,33,2.283333333333333,38.1021897810219,3.5263605246161616
34-166,34,East Odashire,Gulgowskiland,2023-11-15 11:11:00,2023-11-15 12:13:00,84,East Odashire - Gulgowskiland,Económica,31,1.0333333333333334,81.29032258064515,3.4657359027997265
57-285,57,Port Destinistad,Verlafurt,2023-11-15 11:11:00,2023-11-15 13:06:00,74,Port Destinistad - Verlafurt,Económica,55,1.9166666666666667,38.608695652173914,4.02535169073515
32-156,32,Toyfield,Ullrichview,2023-11-15 11:16:00,2023-11-15 22:56:00,428,Toyfield - Ullrichview,Económica,28,11.666666666666666,36.68571428571429,3.367295829986474
38-188,38,Emmerichton,Lake Kennedyport,2023-11-15 11:18:00,2023-11-15 16:19:00,205,Emmerichton - Lake Kennedyport,Económica,23,5.016666666666667,40.863787375415285,3.1780538303479458
39-191,39,Ricemouth,Conroybury,2023-11-15 11:20:00,2023-11-15 12:59:00,112,Ricemouth - Conroybury,Económica,46,1.65,67.87878787878788,3.8501476017100584
61-304,61,New Harrison,Faystead,2023-11-15 11:22:00,2023-11-15 20:38:00,343,New Harrison - Faystead,Económica,38,9.266666666666667,37.01438848920863,3.6635616461296463
59-294,59,Lake Brendon,West Liliana,2023-11-15 11:23:00,2023-11-15 20:33:00,473,Lake Brendon - West Liliana,Económica,31,9.166666666666666,51.6,3.4657359027997265
5-23,5,Reedboro,Saigeside,2023-11-15 11:27:00,2023-11-15 18:00:00,348,Reedboro - Saigeside,Económica,26,6.55,53.12977099236642,3.295836866004329
25-122,25,Riverfurt,Ivyview,2023-11-15 11:38:00,2023-11-15 14:02:00,146,Riverfurt - Ivyview,Económica,20,2.4,60.833333333333336,3.044522437723423
2-8,2,West Seneca,East Araville,2023-11-15 11:44:00,2023-11-15 18:53:00,316,West Seneca - East Araville,Económica,34,7.15,44.19580419580419,3.5553480614894135
5-22,5,Reedboro,Saigeside,2023-11-15 11:47:00,2023-11-15 18:15:00,348,Reedboro - Saigeside,Económica,25,6.466666666666667,53.81443298969072,3.258096538021482
31-155,31,Yakima,Fort Sydnichester,2023-11-15 11:48:00,2023-11-15 19:25:00,418,Yakima - Fort Sydnichester,Económica,51,7.616666666666666,54.87964989059081,3.9512437185814275
67-331,67,Magnoliaport,Andersonport,2023-11-15 11:48:00,2023-11-15 16:48:00,369,Magnoliaport - Andersonport,Económica,40,5.0,73.8,3.713572066704308
12-58,12,Wolffborough,Lake Giovaniville,2023-11-15 11:56:00,2023-11-15 14:39:00,170,Wolffborough - Lake Giovaniville,Económica,50,2.716666666666667,62.576687116564415,3.9318256327243257
35-171,35,Mount Vernon,Alhambra,2023-11-15 11:56:00,2023-11-15 12:21:00,33,Mount Vernon - Alhambra,Económica,20,0.4166666666666667,79.2,3.044522437723423
32-159,32,Toyfield,Ullrichview,2023-11-15 12:07:00,2023-11-16 00:02:00,428,Toyfield - Ullrichview,Económica,23,11.916666666666666,35.91608391608392,3.1780538303479458
56-280,56,New Albertotown,Hacienda Heights,2023-11-15 12:11:00,2023-11-15 20:39:00,323,New Albertotown - Hacienda Heights,Económica,48,8.466666666666667,38.1496062992126,3.8918202981106265
54-268,54,South Ettieboro,Madelineboro,2023-11-15 12:14:00,2023-11-15 13:28:00,56,South Ettieboro - Madelineboro,Económica,52,1.2333333333333334,45.4054054054054,3.970291913552122
22-106,22,South Lamont,Toyburgh,2023-11-15 12:21:00,2023-11-15 17:24:00,447,South Lamont - Toyburgh,Económica,30,5.05,88.51485148514851,3.4339872044851463
26-130,26,Schmidtborough,Sarasota,2023-11-15 12:22:00,2023-11-15 18:59:00,242,Schmidtborough - Sarasota,Económica,28,6.616666666666666,36.5743073047859,3.367295829986474
42-208,42,Fort Josiah,Hackettview,2023-11-15 12:25:00,2023-11-15 13:13:00,53,Fort Josiah - Hackettview,Económica,51,0.8,66.25,3.9512437185814275
29-141,29,Pourosport,South Lavonville,2023-11-15 12:26:00,2023-11-15 13:34:00,79,Pourosport - South Lavonville,Económica,59,1.1333333333333333,69.70588235294117,4.0943445622221
40-199,40,North Dandretown,Middletown,2023-11-15 12:26:00,2023-11-15 17:48:00,249,North Dandretown - Middletown,Económica,29,5.366666666666666,46.39751552795031,3.4011973816621555
61-303,61,New Harrison,Faystead,2023-11-15 12:33:00,2023-11-15 21:44:00,343,New Harrison - Faystead,Económica,47,9.183333333333334,37.350272232304896,3.871201010907891
14-70,14,South Cielochester,Naperville,2023-11-15 12:39:00,2023-11-15 19:20:00,316,South Cielochester - Naperville,Económica,41,6.683333333333334,47.281795511221944,3.7376696182833684
45-224,45,Constanceborough,East Myrticeport,2023-11-15 12:48:00,2023-11-15 17:30:00,260,Constanceborough - East Myrticeport,Económica,55,4.7,55.31914893617021,4.02535169073515
23-115,23,Gainesville,Fort Tayastead,2023-11-15 12:51:00,2023-11-16 00:21:00,498,Gainesville - Fort Tayastead,Económica,42,11.5,43.30434782608695,3.7612001156935624
34-168,34,East Odashire,Gulgowskiland,2023-11-15 12:58:00,2023-11-15 14:10:00,84,East Odashire - Gulgowskiland,Económica,23,1.2,70.0,3.1780538303479458
80-397,80,Merlfort,South Lauracester,2023-11-15 12:59:00,2023-11-15 18:28:00,303,Merlfort - South Lauracester,Económica,45,5.483333333333333,55.25835866261398,3.828641396489095
49-242,49,Gregoryhaven,Derrickview,2023-11-15 13:02:00,2023-11-15 13:41:00,44,Gregoryhaven - Derrickview,Económica,40,0.65,67.6923076923077,3.713572066704308
79-392,79,Fort Bruce,South Sybleside,2023-11-15 13:03:00,2023-11-15 22:33:00,441,Fort Bruce - South Sybleside,Económica,36,9.5,46.421052631578945,3.6109179126442243
18-89,18,Fritschside,Cummerataberg,2023-11-15 13:05:00,2023-11-15 18:28:00,432,Fritschside - Cummerataberg,Económica,38,5.383333333333334,80.24767801857584,3.6635616461296463
38-186,38,Emmerichton,Lake Kennedyport,2023-11-15 13:07:00,2023-11-15 17:58:00,205,Emmerichton - Lake Kennedyport,Económica,55,4.85,42.26804123711341,4.02535169073515
17-83,17,North Christyfield,Cassinchester,2023-11-15 13:10:00,2023-11-15 15:31:00,145,North Christyfield - Cassinchester,Económica,50,2.35,61.702127659574465,3.9318256327243257
39-194,39,Ricemouth,Conroybury,2023-11-15 13:13:00,2023-11-15 15:07:00,112,Ricemouth - Conroybury,Económica,28,1.9,58.94736842105264,3.367295829986474
48-240,48,Cathedral City,East Chelsea,2023-11-15 13:14:00,2023-11-15 18:26:00,351,Cathedral City - East Chelsea,Económica,50,5.2,67.5,3.9318256327243257
11-55,11,East Kaylie,Lake Laney,2023-11-15 13:15:00,2023-11-15 18:14:00,243,East Kaylie - Lake Laney,Económica,27,4.983333333333333,48.76254180602007,3.332204510175204
77-385,77,East Willieland,Lemuelfurt,2023-11-15 13:21:00,2023-11-15 20:08:00,494,East Willieland - Lemuelfurt,Económica,22,6.783333333333333,72.82555282555283,3.1354942159291497
21-101,21,East Dortha,Lake Holden,2023-11-15 13:23:00,2023-11-15 20:42:00,403,East Dortha - Lake Holden,Económica,51,7.316666666666666,55.07972665148064,3.9512437185814275
62-310,62,East Karli,Lake Bernhard,2023-11-15 13:24:00,2023-11-15 14:47:00,39,East Karli - Lake Bernhard,Económica,52,1.3833333333333333,28.19277108433735,3.970291913552122
10-48,10,East Brennonstead,Mrazhaven,2023-11-15 13:26:00,2023-11-15 18:41:00,205,East Brennonstead - Mrazhaven,Económica,29,5.25,39.04761904761905,3.4011973816621555
19-94,19,Streichburgh,North Lydia,2023-11-15 13:39:00,2023-11-15 15:03:00,64,Streichburgh - North Lydia,Económica,56,1.4,45.714285714285715,4.04305126783455
67-335,67,Magnoliaport,Andersonport,2023-11-15 13:46:00,2023-11-15 19:06:00,369,Magnoliaport - Andersonport,Económica,50,5.333333333333333,69.1875,3.9318256327243257
26-127,26,Schmidtborough,Sarasota,2023-11-15 13:47:00,2023-11-15 20:09:00,242,Schmidtborough - Sarasota,Económica,44,6.366666666666666,38.010471204188484,3.8066624897703196
64-320,64,North Kassandra,Euclid,2023-11-15 13:52:00,2023-11-15 14:32:00,12,North Kassandra - Euclid,Económica,35,0.6666666666666666,18.0,3.58351893845611
20-100,20,Fort Scottie,Pine Bluff,2023-11-15 13:57:00,2023-11-15 15:03:00,39,Fort Scottie - Pine Bluff,Económica,54,1.1,35.45454545454545,4.007333185232471
45-223,45,Constanceborough,East Myrticeport,2023-11-15 14:00:00,2023-11-15 18:37:00,260,Constanceborough - East Myrticeport,Económica,49,4.616666666666666,56.317689530685925,3.912023005428146
74-368,74,East Jodyview,North Adrianahaven,2023-11-15 14:00:00,2023-11-15 17:49:00,303,East Jodyview - North Adrianahaven,Económica,47,3.816666666666667,79.3886462882096,3.871201010907891
52-257,52,Wiegandton,Homenickview,2023-11-15 14:03:00,2023-11-15 20:32:00,331,Wiegandton - Homenickview,Económica,35,6.483333333333333,51.05398457583547,3.58351893845611
57-281,57,Port Destinistad,Verlafurt,2023-11-15 14:04:00,2023-11-15 15:39:00,74,Port Destinistad - Verlafurt,Económica,46,1.5833333333333333,46.73684210526316,3.8501476017100584
60-297,60,Lake Gunnerport,East Ellsworth,2023-11-15 14:08:00,2023-11-15 17:05:00,129,Lake Gunnerport - East Ellsworth,Económica,54,2.95,43.728813559322035,4.007333185232471
40-196,40,North Dandretown,Middletown,2023-11-15 14:09:00,2023-11-15 19:16:00,249,North Dandretown - Middletown,Económica,35,5.116666666666666,48.66449511400652,3.58351893845611
63-311,63,Abshireside,West Janickworth,2023-11-15 14:10:00,2023-11-15 20:24:00,257,Abshireside - West Janickworth,Económica,51,6.233333333333333,41.22994652406417,3.9512437185814275
47-233,47,Gleichnerworth,Gloriaview,2023-11-15 14:12:00,2023-11-15 16:04:00,147,Gleichnerworth - Gloriaview,Económica,26,1.8666666666666667,78.75,3.295836866004329
25-125,25,Riverfurt,Ivyview,2023-11-15 14:15:00,2023-11-15 16:54:00,146,Riverfurt - Ivyview,Económica,32,2.65,55.09433962264151,3.4965075614664802
22-110,22,South Lamont,Toyburgh,2023-11-15 14:16:00,2023-11-15 19:39:00,447,South Lamont - Toyburgh,Económica,50,5.383333333333334,83.03405572755418,3.9318256327243257
6-29,6,Mountain View,West Lucious,2023-11-15 14:17:00,2023-11-15 19:16:00,329,Mountain View - West Lucious,Económica,26,4.983333333333333,66.0200668896321,3.295836866004329
24-119,24,South Felipe,North Ona,2023-11-15 14:18:00,2023-11-15 16:43:00,105,South Felipe - North Ona,Económica,54,2.4166666666666665,43.44827586206897,4.007333185232471
45-222,45,Constanceborough,East Myrticeport,2023-11-15 14:18:00,2023-11-15 18:50:00,260,Constanceborough - East Myrticeport,Económica,33,4.533333333333333,57.35294117647059,3.5263605246161616
37-181,37,East Johan,La Mirada,2023-11-15 14:23:00,2023-11-15 20:50:00,521,East Johan - La Mirada,Económica,51,6.45,80.7751937984496,3.9512437185814275
13-65,13,New Rileyport,North Erling,2023-11-15 14:24:00,2023-11-15 17:51:00,191,New Rileyport - North Erling,Económica,39,3.45,55.362318840579704,3.6888794541139363
8-39,8,Hamilton,Bodefurt,2023-11-15 14:26:00,2023-11-15 20:06:00,444,Hamilton - Bodefurt,Económica,21,5.666666666666667,78.35294117647058,3.091042453358316
16-76,16,Brockton,Grahamboro,2023-11-15 14:27:00,2023-11-15 17:11:00,107,Brockton - Grahamboro,Económica,41,2.7333333333333334,39.146341463414636,3.7376696182833684
69-344,69,Norman,East Giuseppe,2023-11-15 14:28:00,2023-11-16 00:30:00,365,Norman - East Giuseppe,Económica,21,10.033333333333333,36.37873754152824,3.091042453358316
51-255,51,North Samir,Fort Hershelstead,2023-11-15 14:37:00,2023-11-15 23:06:00,315,North Samir - Fort Hershelstead,Económica,56,8.483333333333333,37.13163064833006,4.04305126783455
28-138,28,Lake Dallascester,Faheyland,2023-11-15 14:40:00,2023-11-15 17:07:00,156,Lake Dallascester - Faheyland,Económica,53,2.45,63.6734693877551,3.9889840465642745
77-384,77,East Willieland,Lemuelfurt,2023-11-15 14:41:00,2023-11-15 21:23:00,494,East Willieland - Lemuelfurt,Económica,24,6.7,73.73134328358209,3.2188758248682006
70-346,70,Port Shanie,North Yoshiko,2023-11-15 14:45:00,2023-11-15 23:53:00,453,Port Shanie - North Yoshiko,Económica,54,9.133333333333333,49.5985401459854,4.007333185232471
70-348,70,Port Shanie,North Yoshiko,2023-11-15 14:46:00,2023-11-16 00:04:00,453,Port Shanie - North Yoshiko,Económica,53,9.3,48.70967741935483,3.9889840465642745
1-3,1,North Clementcester,West Nathenstad,2023-11-15 14:47:00,2023-11-15 20:08:00,218,North Clementcester - West Nathenstad,Económica,51,5.35,40.74766355140187,3.9512437185814275
16-80,16,Brockton,Grahamboro,2023-11-15 14:47:00,2023-11-15 17:51:00,107,Brockton - Grahamboro,Económica,32,3.066666666666667,34.891304347826086,3.4965075614664802
26-126,26,Schmidtborough,Sarasota,2023-11-15 14:47:00,2023-11-15 21:04:00,242,Schmidtborough - Sarasota,Económica,27,6.283333333333333,38.51458885941645,3.332204510175204
15-74,15,Yorba Linda,Arloside,2023-11-15 14:48:00,2023-11-15 17:20:00,87,Yorba Linda - Arloside,Económica,55,2.533333333333333,34.3421052631579,4.02535169073515
39-195,39,Ricemouth,Conroybury,2023-11-15 14:51:00,2023-11-15 16:50:00,112,Ricemouth - Conroybury,Económica,57,1.9833333333333334,56.470588235294116,4.060443010546419
5-24,5,Reedboro,Saigeside,2023-11-15 14:54:00,2023-11-15 21:32:00,348,Reedboro - Saigeside,Económica,46,6.633333333333334,52.462311557788944,3.8501476017100584
53-263,53,Daynahaven,South Lesleyfield,2023-11-15 14:54:00,2023-11-15 21:50:00,306,Daynahaven - South Lesleyfield,Económica,49,6.933333333333334,44.13461538461538,3.912023005428146
60-296,60,Lake Gunnerport,East Ellsworth,2023-11-15 14:54:00,2023-11-15 17:46:00,129,Lake Gunnerport - East Ellsworth,Económica,37,2.8666666666666667,45.0,3.6375861597263857
68-338,68,Lake Averyland,Mervinton,2023-11-15 14:54:00,2023-11-15 19:44:00,212,Lake Averyland - Mervinton,Económica,46,4.833333333333333,43.862068965517246,3.8501476017100584
22-109,22,South Lamont,Toyburgh,2023-11-15 15:02:00,2023-11-15 20:20:00,447,South Lamont - Toyburgh,Económica,59,5.3,84.33962264150944,4.0943445622221
78-386,78,Loveland,Brandon,2023-11-15 15:08:00,2023-11-15 19:03:00,317,Loveland - Brandon,Económica,48,3.9166666666666665,80.93617021276596,3.8918202981106265
7-32,7,Dedricchester,Wizashire,2023-11-15 15:10:00,2023-11-15 22:15:00,527,Dedricchester - Wizashire,Económica,54,7.083333333333333,74.4,4.007333185232471
61-301,61,New Harrison,Faystead,2023-11-15 15:11:00,2023-11-16 00:12:00,343,New Harrison - Faystead,Económica,22,9.016666666666667,38.04066543438077,3.1354942159291497
59-291,59,Lake Brendon,West Liliana,2023-11-15 15:12:00,2023-11-16 00:07:00,473,Lake Brendon - West Liliana,Económica,49,8.916666666666666,53.04672897196262,3.912023005428146
12-56,12,Wolffborough,Lake Giovaniville,2023-11-15 15:13:00,2023-11-15 17:46:00,170,Wolffborough - Lake Giovaniville,Económica,40,2.55,66.66666666666667,3.713572066704308
30-146,30,South Elizabethton,Cronaland,2023-11-15 15:17:00,2023-11-15 22:01:00,397,South Elizabethton - Cronaland,Económica,34,6.733333333333333,58.96039603960396,3.5553480614894135
50-249,50,South Antonia,South Santa,2023-11-15 15:17:00,2023-11-16 04:13:00,476,South Antonia - South Santa,Económica,30,12.933333333333334,36.8041237113402,3.4339872044851463
38-187,38,Emmerichton,Lake Kennedyport,2023-11-15 15:18:00,2023-11-15 20:14:00,205,Emmerichton - Lake Kennedyport,Económica,33,4.933333333333334,41.55405405405405,3.5263605246161616
8-40,8,Hamilton,Bodefurt,2023-11-15 15:20:00,2023-11-15 21:05:00,444,Hamilton - Bodefurt,Económica,23,5.75,77.21739130434783,3.1780538303479458
66-330,66,St. Joseph,Kovacekberg,2023-11-15 15:21:00,2023-11-15 22:07:00,292,St. Joseph - Kovacekberg,Económica,30,6.766666666666667,43.152709359605915,3.4339872044851463
12-57,12,Wolffborough,Lake Giovaniville,2023-11-15 15:22:00,2023-11-15 18:00:00,170,Wolffborough - Lake Giovaniville,Económica,26,2.6333333333333333,64.55696202531645,3.295836866004329
34-170,34,East Odashire,Gulgowskiland,2023-11-15 15:37:00,2023-11-15 16:59:00,84,East Odashire - Gulgowskiland,Económica,25,1.3666666666666667,61.46341463414634,3.258096538021482
7-34,7,Dedricchester,Wizashire,2023-11-15 15:40:00,2023-11-15 22:55:00,527,Dedricchester - Wizashire,Económica,59,7.25,72.6896551724138,4.0943445622221
20-97,20,Fort Scottie,Pine Bluff,2023-11-15 15:40:00,2023-11-15 16:31:00,39,Fort Scottie - Pine Bluff,Económica,51,0.85,45.88235294117647,3.9512437185814275
51-254,51,North Samir,Fort Hershelstead,2023-11-15 15:42:00,2023-11-16 00:06:00,315,North Samir - Fort Hershelstead,Económica,44,8.4,37.5,3.8066624897703196
41-204,41,Fond du Lac,Westminster,2023-11-15 15:48:00,2023-11-15 21:03:00,429,Fond du Lac - Westminster,Económica,34,5.25,81.71428571428571,3.5553480614894135
13-62,13,New Rileyport,North Erling,2023-11-15 15:52:00,2023-11-15 19:04:00,191,New Rileyport - North Erling,Económica,39,3.2,59.6875,3.6888794541139363
69-342,69,Norman,East Giuseppe,2023-11-15 15:52:00,2023-11-16 01:44:00,365,Norman - East Giuseppe,Económica,25,9.866666666666667,36.99324324324324,3.258096538021482
64-318,64,North Kassandra,Euclid,2023-11-15 15:55:00,2023-11-15 16:25:00,12,North Kassandra - Euclid,Económica,20,0.5,24.0,3.044522437723423
28-140,28,Lake Dallascester,Faheyland,2023-11-15 15:57:00,2023-11-15 18:34:00,156,Lake Dallascester - Faheyland,Económica,46,2.6166666666666667,59.617834394904456,3.8501476017100584
73-363,73,East Alethafurt,Dannyland,2023-11-15 15:59:00,2023-11-15 22:03:00,304,East Alethafurt - Dannyland,Económica,45,6.066666666666666,50.10989010989011,3.828641396489095
46-230,46,Leonfield,Tremblayfurt,2023-11-15 16:01:00,2023-11-15 16:41:00,17,Leonfield - Tremblayfurt,Económica,53,0.6666666666666666,25.5,3.9889840465642745
60-299,60,Lake Gunnerport,East Ellsworth,2023-11-15 16:04:00,2023-11-15 19:11:00,129,Lake Gunnerport - East Ellsworth,Económica,45,3.1166666666666667,41.3903743315508,3.828641396489095
56-276,56,New Albertotown,Hacienda Heights,2023-11-15 16:07:00,2023-11-16 00:15:00,323,New Albertotown - Hacienda Heights,Económica,20,8.133333333333333,39.71311475409836,3.044522437723423
11-52,11,East Kaylie,Lake Laney,2023-11-15 16:08:00,2023-11-15 20:52:00,243,East Kaylie - Lake Laney,Económica,30,4.733333333333333,51.33802816901408,3.4339872044851463
26-128,26,Schmidtborough,Sarasota,2023-11-15 16:09:00,2023-11-15 22:36:00,242,Schmidtborough - Sarasota,Económica,33,6.45,37.519379844961236,3.5263605246161616
38-190,38,Emmerichton,Lake Kennedyport,2023-11-15 16:10:00,2023-11-15 21:21:00,205,Emmerichton - Lake Kennedyport,Económica,34,5.183333333333334,39.549839228295816,3.5553480614894135
60-298,60,Lake Gunnerport,East Ellsworth,2023-11-15 16:11:00,2023-11-15 19:13:00,129,Lake Gunnerport - East Ellsworth,Económica,34,3.033333333333333,42.527472527472526,3.5553480614894135
69-345,69,Norman,East Giuseppe,2023-11-15 16:11:00,2023-11-16 02:18:00,365,Norman - East Giuseppe,Económica,36,10.116666666666667,36.07907742998352,3.6109179126442243
9-41,9,Boynton Beach,Murazikmouth,2023-11-15 16:12:00,2023-11-15 18:56:00,160,Boynton Beach - Murazikmouth,Económica,29,2.7333333333333334,58.53658536585366,3.4011973816621555
79-391,79,Fort Bruce,South Sybleside,2023-11-15 16:12:00,2023-11-16 01:37:00,441,Fort Bruce - South Sybleside,Económica,55,9.416666666666666,46.83185840707965,4.02535169073515
44-219,44,Shanahanboro,Cleveland,2023-11-15 16:14:00,2023-11-15 23:11:00,242,Shanahanboro - Cleveland,Económica,45,6.95,34.82014388489208,3.828641396489095
12-60,12,Wolffborough,Lake Giovaniville,2023-11-15 16:17:00,2023-11-15 19:10:00,170,Wolffborough - Lake Giovaniville,Económica,23,2.8833333333333333,58.959537572254334,3.1780538303479458
72-357,72,Fort Deonworth,Lake Rafael,2023-11-15 16:18:00,2023-11-15 17:33:00,51,Fort Deonworth - Lake Rafael,Económica,49,1.25,40.8,3.912023005428146
51-253,51,North Samir,Fort Hershelstead,2023-11-15 16:20:00,2023-11-16 00:39:00,315,North Samir - Fort Hershelstead,Económica,37,8.316666666666666,37.875751503006015,3.6375861597263857
41-202,41,Fond du Lac,Westminster,2023-11-15 16:22:00,2023-11-15 21:27:00,429,Fond du Lac - Westminster,Económica,26,5.083333333333333,84.39344262295083,3.295836866004329
37-184,37,East Johan,La Mirada,2023-11-15 16:27:00,2023-11-15 23:09:00,521,East Johan - La Mirada,Económica,28,6.7,77.76119402985074,3.367295829986474
22-108,22,South Lamont,Toyburgh,2023-11-15 16:35:00,2023-11-15 21:48:00,447,South Lamont - Toyburgh,Económica,28,5.216666666666667,85.68690095846645,3.367295829986474
14-67,14,South Cielochester,Naperville,2023-11-15 16:38:00,2023-11-15 23:04:00,316,South Cielochester - Naperville,Económica,22,6.433333333333334,49.119170984455955,3.1354942159291497
78-387,78,Loveland,Brandon,2023-11-15 16:39:00,2023-11-15 20:39:00,317,Loveland - Brandon,Económica,50,4.0,79.25,3.9318256327243257
44-218,44,Shanahanboro,Cleveland,2023-11-15 16:42:00,2023-11-15 23:34:00,242,Shanahanboro - Cleveland,Económica,48,6.866666666666666,35.24271844660194,3.8918202981106265
63-314,63,Abshireside,West Janickworth,2023-11-15 16:43:00,2023-11-15 23:12:00,257,Abshireside - West Janickworth,Económica,34,6.483333333333333,39.6401028277635,3.5553480614894135
24-117,24,South Felipe,North Ona,2023-11-15 16:52:00,2023-11-15 19:07:00,105,South Felipe - North Ona,Económica,59,2.25,46.666666666666664,4.0943445622221
48-239,48,Cathedral City,East Chelsea,2023-11-15 16:59:00,2023-11-15 22:06:00,351,Cathedral City - East Chelsea,Económica,38,5.116666666666666,68.59934853420197,3.6635616461296463
80-396,80,Merlfort,South Lauracester,2023-11-15 17:05:00,2023-11-15 22:29:00,303,Merlfort - South Lauracester,Económica,57,5.4,56.11111111111111,4.060443010546419
16-77,16,Brockton,Grahamboro,2023-11-15 17:09:00,2023-11-15 19:58:00,107,Brockton - Grahamboro,Económica,28,2.816666666666667,37.98816568047337,3.367295829986474
55-275,55,Hollywood,Kelsieburgh,2023-11-15 17:10:00,2023-11-15 18:10:00,25,Hollywood - Kelsieburgh,Económica,51,1.0,25.0,3.9512437185814275
19-93,19,Streichburgh,North Lydia,2023-11-15 17:12:00,2023-11-15 18:31:00,64,Streichburgh - North Lydia,Económica,44,1.3166666666666667,48.607594936708864,3.8066624897703196
31-151,31,Yakima,Fort Sydnichester,2023-11-15 17:17:00,2023-11-16 00:34:00,418,Yakima - Fort Sydnichester,Económica,22,7.283333333333333,57.391304347826086,3.1354942159291497
40-200,40,North Dandretown,Middletown,2023-11-15 17:20:00,2023-11-15 22:47:00,249,North Dandretown - Middletown,Económica,52,5.45,45.68807339449541,3.970291913552122
25-123,25,Riverfurt,Ivyview,2023-11-15 17:23:00,2023-11-15 19:52:00,146,Riverfurt - Ivyview,Económica,35,2.4833333333333334,58.79194630872483,3.58351893845611
79-395,79,Fort Bruce,South Sybleside,2023-11-15 17:28:00,2023-11-16 03:13:00,441,Fort Bruce - South Sybleside,Económica,32,9.75,45.23076923076923,3.4965075614664802
1-5,1,North Clementcester,West Nathenstad,2023-11-15 17:32:00,2023-11-15 23:03:00,218,North Clementcester - West Nathenstad,Económica,45,5.516666666666667,39.516616314199396,3.828641396489095
17-82,17,North Christyfield,Cassinchester,2023-11-15 17:32:00,2023-11-15 19:48:00,145,North Christyfield - Cassinchester,Económica,20,2.2666666666666666,63.970588235294116,3.044522437723423
78-388,78,Loveland,Brandon,2023-11-15 17:32:00,2023-11-15 21:37:00,317,Loveland - Brandon,Económica,43,4.083333333333333,77.6326530612245,3.784189633918261
15-75,15,Yorba Linda,Arloside,2023-11-15 17:35:00,2023-11-15 20:12:00,87,Yorba Linda - Arloside,Económica,54,2.6166666666666667,33.2484076433121,4.007333185232471
17-84,17,North Christyfield,Cassinchester,2023-11-15 17:40:00,2023-11-15 20:06:00,145,North Christyfield - Cassinchester,Económica,35,2.433333333333333,59.589041095890416,3.58351893845611
40-198,40,North Dandretown,Middletown,2023-11-15 17:40:00,2023-11-15 22:57:00,249,North Dandretown - Middletown,Económica,29,5.283333333333333,47.12933753943218,3.4011973816621555
7-33,7,Dedricchester,Wizashire,2023-11-15 17:43:00,2023-11-16 00:53:00,527,Dedricchester - Wizashire,Económica,32,7.166666666666667,73.53488372093022,3.4965075614664802
41-201,41,Fond du Lac,Westminster,2023-11-15 17:44:00,2023-11-15 22:44:00,429,Fond du Lac - Westminster,Económica,34,5.0,85.8,3.5553480614894135
29-142,29,Pourosport,South Lavonville,2023-11-15 17:46:00,2023-11-15 18:59:00,79,Pourosport - South Lavonville,Económica,29,1.2166666666666666,64.93150684931507,3.4011973816621555
58-288,58,Reillyborough,Lindton,2023-11-15 17:47:00,2023-11-15 20:23:00,129,Reillyborough - Lindton,Económica,54,2.6,49.61538461538461,4.007333185232471
45-225,45,Constanceborough,East Myrticeport,2023-11-15 17:48:00,2023-11-15 22:35:00,260,Constanceborough - East Myrticeport,Económica,37,4.783333333333333,54.355400696864116,3.6375861597263857
62-309,62,East Karli,Lake Bernhard,2023-11-15 17:53:00,2023-11-15 19:11:00,39,East Karli - Lake Bernhard,Económica,24,1.3,30.0,3.2188758248682006
70-350,70,Port Shanie,North Yoshiko,2023-11-15 17:54:00,2023-11-16 03:22:00,453,Port Shanie - North Yoshiko,Económica,45,9.466666666666667,47.852112676056336,3.828641396489095
55-271,55,Hollywood,Kelsieburgh,2023-11-15 17:55:00,2023-11-15 18:35:00,25,Hollywood - Kelsieburgh,Económica,52,0.6666666666666666,37.5,3.970291913552122
57-284,57,Port Destinistad,Verlafurt,2023-11-15 17:55:00,2023-11-15 19:45:00,74,Port Destinistad - Verlafurt,Económica,40,1.8333333333333333,40.36363636363637,3.713572066704308
20-96,20,Fort Scottie,Pine Bluff,2023-11-15 18:02:00,2023-11-15 18:48:00,39,Fort Scottie - Pine Bluff,Económica,39,0.7666666666666667,50.8695652173913,3.6888794541139363
75-373,75,Swaniawskistead,New Sheridanborough,2023-11-15 18:06:00,2023-11-15 23:01:00,406,Swaniawskistead - New Sheridanborough,Económica,21,4.916666666666667,82.57627118644068,3.091042453358316
19-92,19,Streichburgh,North Lydia,2023-11-15 18:09:00,2023-11-15 19:23:00,64,Streichburgh - North Lydia,Económica,51,1.2333333333333334,51.89189189189189,3.9512437185814275
52-258,52,Wiegandton,Homenickview,2023-11-15 18:11:00,2023-11-16 00:45:00,331,Wiegandton - Homenickview,Económica,46,6.566666666666666,50.40609137055838,3.8501476017100584
33-162,33,Fort Wyattworth,Cornellfurt,2023-11-15 18:13:00,2023-11-15 19:00:00,32,Fort Wyattworth - Cornellfurt,Económica,43,0.7833333333333333,40.851063829787236,3.784189633918261
18-90,18,Fritschside,Cummerataberg,2023-11-15 18:17:00,2023-11-15 23:45:00,432,Fritschside - Cummerataberg,Económica,59,5.466666666666667,79.02439024390243,4.0943445622221
21-105,21,East Dortha,Lake Holden,2023-11-15 18:33:00,2023-11-16 02:12:00,403,East Dortha - Lake Holden,Económica,37,7.65,52.6797385620915,3.6375861597263857
58-290,58,Reillyborough,Lindton,2023-11-15 18:35:00,2023-11-15 21:21:00,129,Reillyborough - Lindton,Económica,59,2.7666666666666666,46.626506024096386,4.0943445622221
6-28,6,Mountain View,West Lucious,2023-11-15 18:37:00,2023-11-15 23:31:00,329,Mountain View - West Lucious,Económica,37,4.9,67.14285714285714,3.6375861597263857
37-183,37,East Johan,La Mirada,2023-11-15 18:37:00,2023-11-16 01:14:00,521,East Johan - La Mirada,Económica,33,6.616666666666666,78.74055415617129,3.5263605246161616
57-282,57,Port Destinistad,Verlafurt,2023-11-15 18:39:00,2023-11-15 20:19:00,74,Port Destinistad - Verlafurt,Económica,20,1.6666666666666667,44.4,3.044522437723423
60-300,60,Lake Gunnerport,East Ellsworth,2023-11-15 18:40:00,2023-11-15 21:52:00,129,Lake Gunnerport - East Ellsworth,Económica,47,3.2,40.3125,3.871201010907891
80-398,80,Merlfort,South Lauracester,2023-11-15 18:42:00,2023-11-16 00:16:00,303,Merlfort - South Lauracester,Económica,40,5.566666666666666,54.4311377245509,3.713572066704308
43-211,43,Fort Myers,Lake Hazle,2023-11-15 18:45:00,2023-11-15 20:04:00,110,Fort Myers - Lake Hazle,Económica,56,1.3166666666666667,83.54430379746836,4.04305126783455
47-231,47,Gleichnerworth,Gloriaview,2023-11-15 18:45:00,2023-11-15 20:27:00,147,Gleichnerworth - Gloriaview,Económica,21,1.7,86.47058823529412,3.091042453358316
78-390,78,Loveland,Brandon,2023-11-15 18:46:00,2023-11-15 23:01:00,317,Loveland - Brandon,Económica,46,4.25,74.58823529411765,3.8501476017100584
6-27,6,Mountain View,West Lucious,2023-11-15 18:53:00,2023-11-15 23:42:00,329,Mountain View - West Lucious,Económica,57,4.816666666666666,68.3044982698962,4.060443010546419
31-154,31,Yakima,Fort Sydnichester,2023-11-15 18:53:00,2023-11-16 02:25:00,418,Yakima - Fort Sydnichester,Económica,32,7.533333333333333,55.48672566371682,3.4965075614664802
31-153,31,Yakima,Fort Sydnichester,2023-11-15 18:58:00,2023-11-16 02:25:00,418,Yakima - Fort Sydnichester,Económica,43,7.45,56.10738255033557,3.784189633918261
53-262,53,Daynahaven,South Lesleyfield,2023-11-15 18:59:00,2023-11-16 01:50:00,306,Daynahaven - South Lesleyfield,Económica,54,6.85,44.67153284671533,4.007333185232471
45-221,45,Constanceborough,East Myrticeport,2023-11-15 19:07:00,2023-11-15 23:34:00,260,Constanceborough - East Myrticeport,Económica,45,4.45,58.42696629213483,3.828641396489095
24-120,24,South Felipe,North Ona,2023-11-15 19:11:00,2023-11-15 21:41:00,105,South Felipe - North Ona,Económica,33,2.5,42.0,3.5263605246161616
34-167,34,East Odashire,Gulgowskiland,2023-11-15 19:19:00,2023-11-15 20:26:00,84,East Odashire - Gulgowskiland,Económica,52,1.1166666666666667,75.22388059701493,3.970291913552122
77-383,77,East Willieland,Lemuelfurt,2023-11-15 19:21:00,2023-11-16 01:58:00,494,East Willieland - Lemuelfurt,Económica,53,6.616666666666666,74.65994962216625,3.9889840465642745
13-64,13,New Rileyport,North Erling,2023-11-15 19:25:00,2023-11-15 22:47:00,191,New Rileyport - North Erling,Económica,35,3.3666666666666667,56.73267326732673,3.58351893845611
48-237,48,Cathedral City,East Chelsea,2023-11-15 19:25:00,2023-11-16 00:22:00,351,Cathedral City - East Chelsea,Económica,51,4.95,70.9090909090909,3.9512437185814275
30-149,30,South Elizabethton,Cronaland,2023-11-15 19:37:00,2023-11-16 02:36:00,397,South Elizabethton - Cronaland,Económica,48,6.983333333333333,56.84964200477327,3.8918202981106265
40-197,40,North Dandretown,Middletown,2023-11-15 19:49:00,2023-11-16 01:01:00,249,North Dandretown - Middletown,Económica,20,5.2,47.88461538461538,3.044522437723423
49-244,49,Gregoryhaven,Derrickview,2023-11-15 19:51:00,2023-11-15 20:40:00,44,Gregoryhaven - Derrickview,Económica,54,0.8166666666666667,53.87755102040816,4.007333185232471
71-351,71,Littleside,West Coty,2023-11-15 19:52:00,2023-11-15 23:15:00,128,Littleside - West Coty,Económica,57,3.3833333333333333,37.83251231527094,4.060443010546419
10-49,10,East Brennonstead,Mrazhaven,2023-11-15 19:54:00,2023-11-16 01:14:00,205,East Brennonstead - Mrazhaven,Económica,41,5.333333333333333,38.4375,3.7376696182833684
33-164,33,Fort Wyattworth,Cornellfurt,2023-11-15 19:54:00,2023-11-15 20:51:00,32,Fort Wyattworth - Cornellfurt,Económica,43,0.95,33.68421052631579,3.784189633918261
64-319,64,North Kassandra,Euclid,2023-11-15 19:54:00,2023-11-15 20:29:00,12,North Kassandra - Euclid,Económica,30,0.5833333333333334,20.57142857142857,3.4339872044851463
71-353,71,Littleside,West Coty,2023-11-15 19:56:00,2023-11-15 23:29:00,128,Littleside - West Coty,Económica,38,3.55,36.056338028169016,3.6635616461296463
23-112,23,Gainesville,Fort Tayastead,2023-11-15 20:00:00,2023-11-16 07:15:00,498,Gainesville - Fort Tayastead,Económica,51,11.25,44.266666666666666,3.9512437185814275
6-30,6,Mountain View,West Lucious,2023-11-15 20:01:00,2023-11-16 01:05:00,329,Mountain View - West Lucious,Económica,56,5.066666666666666,64.9342105263158,4.04305126783455
76-378,76,Tigard,Port Cleo,2023-11-15 20:02:00,2023-11-15 22:15:00,106,Tigard - Port Cleo,Económica,44,2.216666666666667,47.81954887218045,3.8066624897703196
6-26,6,Mountain View,West Lucious,2023-11-15 20:03:00,2023-11-16 00:47:00,329,Mountain View - West Lucious,Económica,27,4.733333333333333,69.50704225352112,3.332204510175204
24-116,24,South Felipe,North Ona,2023-11-15 20:04:00,2023-11-15 22:14:00,105,South Felipe - North Ona,Económica,43,2.1666666666666665,48.46153846153847,3.784189633918261
65-321,65,South Mallie,Botsfordfort,2023-11-15 20:09:00,2023-11-15 22:44:00,187,South Mallie - Botsfordfort,Económica,38,2.5833333333333335,72.38709677419354,3.6635616461296463
9-44,9,Boynton Beach,Murazikmouth,2023-11-15 20:10:00,2023-11-15 23:09:00,160,Boynton Beach - Murazikmouth,Económica,37,2.9833333333333334,53.63128491620112,3.6375861597263857
51-251,51,North Samir,Fort Hershelstead,2023-11-15 20:11:00,2023-11-16 04:20:00,315,North Samir - Fort Hershelstead,Económica,51,8.15,38.65030674846626,3.9512437185814275
44-216,44,Shanahanboro,Cleveland,2023-11-15 20:13:00,2023-11-16 02:55:00,242,Shanahanboro - Cleveland,Económica,40,6.7,36.11940298507463,3.713572066704308
22-107,22,South Lamont,Toyburgh,2023-11-15 20:16:00,2023-11-16 01:24:00,447,South Lamont - Toyburgh,Económica,36,5.133333333333334,87.07792207792207,3.6109179126442243
62-307,62,East Karli,Lake Bernhard,2023-11-15 20:16:00,2023-11-15 21:24:00,39,East Karli - Lake Bernhard,Económica,28,1.1333333333333333,34.411764705882355,3.367295829986474
74-370,74,East Jodyview,North Adrianahaven,2023-11-15 20:17:00,2023-11-16 00:16:00,303,East Jodyview - North Adrianahaven,Económica,45,3.9833333333333334,76.06694560669456,3.828641396489095
55-274,55,Hollywood,Kelsieburgh,2023-11-15 20:23:00,2023-11-15 21:18:00,25,Hollywood - Kelsieburgh,Económica,26,0.9166666666666666,27.272727272727273,3.295836866004329
35-173,35,Mount Vernon,Alhambra,2023-11-15 20:25:00,2023-11-15 21:00:00,33,Mount Vernon - Alhambra,Económica,23,0.5833333333333334,56.57142857142857,3.1780538303479458
58-286,58,Reillyborough,Lindton,2023-11-15 20:26:00,2023-11-15 22:52:00,129,Reillyborough - Lindton,Económica,57,2.433333333333333,53.01369863013699,4.060443010546419
68-340,68,Lake Averyland,Mervinton,2023-11-15 20:26:00,2023-11-16 01:26:00,212,Lake Averyland - Mervinton,Económica,59,5.0,42.4,4.0943445622221
9-43,9,Boynton Beach,Murazikmouth,2023-11-15 20:31:00,2023-11-15 23:25:00,160,Boynton Beach - Murazikmouth,Económica,57,2.9,55.17241379310345,4.060443010546419
47-232,47,Gleichnerworth,Gloriaview,2023-11-15 20:34:00,2023-11-15 22:21:00,147,Gleichnerworth - Gloriaview,Económica,29,1.7833333333333334,82.42990654205607,3.4011973816621555
4-20,4,East Los Angeles,Lake Madgeberg,2023-11-15 20:37:00,2023-11-16 04:26:00,403,East Los Angeles - Lake Madgeberg,Económica,21,7.816666666666666,51.556503198294244,3.091042453358316
21-102,21,East Dortha,Lake Holden,2023-11-15 20:37:00,2023-11-16 04:01:00,403,East Dortha - Lake Holden,Económica,46,7.4,54.45945945945946,3.8501476017100584
67-333,67,Magnoliaport,Andersonport,2023-11-15 20:39:00,2023-11-16 01:49:00,369,Magnoliaport - Andersonport,Económica,57,5.166666666666667,71.41935483870968,4.060443010546419
24-118,24,South Felipe,North Ona,2023-11-15 20:41:00,2023-11-15 23:01:00,105,South Felipe - North Ona,Económica,42,2.3333333333333335,45.0,3.7612001156935624
42-209,42,Fort Josiah,Hackettview,2023-11-15 20:41:00,2023-11-15 21:34:00,53,Fort Josiah - Hackettview,Económica,56,0.8833333333333333,60.0,4.04305126783455
72-360,72,Fort Deonworth,Lake Rafael,2023-11-15 20:44:00,2023-11-15 22:14:00,51,Fort Deonworth - Lake Rafael,Económica,49,1.5,34.0,3.912023005428146
23-114,23,Gainesville,Fort Tayastead,2023-11-15 20:45:00,2023-11-16 08:10:00,498,Gainesville - Fort Tayastead,Económica,57,11.416666666666666,43.620437956204384,4.060443010546419
35-172,35,Mount Vernon,Alhambra,2023-11-15 20:45:00,2023-11-15 21:15:00,33,Mount Vernon - Alhambra,Económica,33,0.5,66.0,3.5263605246161616
75-375,75,Swaniawskistead,New Sheridanborough,2023-11-15 20:46:00,2023-11-16 01:51:00,406,Swaniawskistead - New Sheridanborough,Económica,50,5.083333333333333,79.8688524590164,3.9318256327243257
36-176,36,Rennerville,Morgan Hill,2023-11-15 20:47:00,2023-11-16 02:23:00,483,Rennerville - Morgan Hill,Económica,23,5.6,86.25,3.1780538303479458
75-371,75,Swaniawskistead,New Sheridanborough,2023-11-15 20:49:00,2023-11-16 01:34:00,406,Swaniawskistead - New Sheridanborough,Económica,21,4.75,85.47368421052632,3.091042453358316
25-124,25,Riverfurt,Ivyview,2023-11-15 20:50:00,2023-11-15 23:24:00,146,Riverfurt - Ivyview,Económica,58,2.566666666666667,56.88311688311688,4.07753744390572
25-121,25,Riverfurt,Ivyview,2023-11-15 20:52:00,2023-11-15 23:11:00,146,Riverfurt - Ivyview,Económica,58,2.316666666666667,63.02158273381294,4.07753744390572
38-189,38,Emmerichton,Lake Kennedyport,2023-11-15 20:53:00,2023-11-16 01:59:00,205,Emmerichton - Lake Kennedyport,Económica,23,5.1,40.19607843137255,3.1780538303479458
8-38,8,Hamilton,Bodefurt,2023-11-15 20:59:00,2023-11-16 02:34:00,444,Hamilton - Bodefurt,Económica,52,5.583333333333333,79.5223880597015,3.970291913552122
61-302,61,New Harrison,Faystead,2023-11-15 21:05:00,2023-11-16 06:11:00,343,New Harrison - Faystead,Económica,45,9.1,37.69230769230769,3.828641396489095
71-354,71,Littleside,West Coty,2023-11-15 21:05:00,2023-11-16 00:43:00,128,Littleside - West Coty,Económica,29,3.6333333333333333,35.22935779816514,3.4011973816621555
7-35,7,Dedricchester,Wizashire,2023-11-15 21:07:00,2023-11-16 04:27:00,527,Dedricchester - Wizashire,Económica,32,7.333333333333333,71.86363636363636,3.4965075614664802
68-337,68,Lake Averyland,Mervinton,2023-11-15 21:07:00,2023-11-16 01:52:00,212,Lake Averyland - Mervinton,Económica,42,4.75,44.63157894736842,3.7612001156935624
4-17,4,East Los Angeles,Lake Madgeberg,2023-11-15 21:11:00,2023-11-16 04:45:00,403,East Los Angeles - Lake Madgeberg,Económica,30,7.566666666666666,53.25991189427313,3.4339872044851463
14-66,14,South Cielochester,Naperville,2023-11-15 21:12:00,2023-11-16 03:33:00,316,South Cielochester - Naperville,Económica,39,6.35,49.76377952755906,3.6888794541139363
3-15,3,Grimesburgh,Sunrise,2023-11-15 21:14:00,2023-11-15 22:35:00,86,Grimesburgh - Sunrise,Económica,48,1.35,63.7037037037037,3.8918202981106265
15-73,15,Yorba Linda,Arloside,2023-11-15 21:18:00,2023-11-15 23:45:00,87,Yorba Linda - Arloside,Económica,45,2.45,35.51020408163265,3.828641396489095
23-113,23,Gainesville,Fort Tayastead,2023-11-15 21:18:00,2023-11-16 08:38:00,498,Gainesville - Fort Tayastead,Económica,51,11.333333333333334,43.94117647058823,3.9512437185814275
15-72,15,Yorba Linda,Arloside,2023-11-15 21:23:00,2023-11-15 23:45:00,87,Yorba Linda - Arloside,Económica,59,2.3666666666666667,36.76056338028169,4.0943445622221
65-324,65,South Mallie,Botsfordfort,2023-11-15 21:24:00,2023-11-16 00:14:00,187,South Mallie - Botsfordfort,Económica,21,2.8333333333333335,66.0,3.091042453358316
32-158,32,Toyfield,Ullrichview,2023-11-15 21:29:00,2023-11-16 09:19:00,428,Toyfield - Ullrichview,Económica,46,11.833333333333334,36.16901408450704,3.8501476017100584
27-133,27,Traceview,Wehnerbury,2023-11-15 21:31:00,2023-11-16 03:24:00,270,Traceview - Wehnerbury,Económica,24,5.883333333333334,45.89235127478753,3.2188758248682006
66-329,66,St. Joseph,Kovacekberg,2023-11-15 21:35:00,2023-11-16 04:16:00,292,St. Joseph - Kovacekberg,Económica,56,6.683333333333334,43.69077306733167,4.04305126783455
18-87,18,Fritschside,Cummerataberg,2023-11-15 21:36:00,2023-11-16 02:49:00,432,Fritschside - Cummerataberg,Económica,57,5.216666666666667,82.81150159744409,4.060443010546419
23-111,23,Gainesville,Fort Tayastead,2023-11-15 21:37:00,2023-11-16 08:47:00,498,Gainesville - Fort Tayastead,Económica,39,11.166666666666666,44.59701492537314,3.6888794541139363
46-228,46,Leonfield,Tremblayfurt,2023-11-15 21:37:00,2023-11-15 22:07:00,17,Leonfield - Tremblayfurt,Económica,47,0.5,34.0,3.871201010907891
52-260,52,Wiegandton,Homenickview,2023-11-15 21:42:00,2023-11-16 04:26:00,331,Wiegandton - Homenickview,Económica,53,6.733333333333333,49.15841584158416,3.9889840465642745
30-148,30,South Elizabethton,Cronaland,2023-11-15 21:45:00,2023-11-16 04:39:00,397,South Elizabethton - Cronaland,Económica,30,6.9,57.53623188405797,3.4339872044851463
37-182,37,East Johan,La Mirada,2023-11-15 21:46:00,2023-11-16 04:18:00,521,East Johan - La Mirada,Económica,51,6.533333333333333,79.74489795918367,3.9512437185814275
76-377,76,Tigard,Port Cleo,2023-11-15 21:46:00,2023-11-15 23:54:00,106,Tigard - Port Cleo,Económica,31,2.1333333333333333,49.6875,3.4657359027997265
3-11,3,Grimesburgh,Sunrise,2023-11-15 21:48:00,2023-11-15 22:49:00,86,Grimesburgh - Sunrise,Económica,48,1.0166666666666666,84.59016393442623,3.8918202981106265
30-147,30,South Elizabethton,Cronaland,2023-11-15 21:50:00,2023-11-16 04:39:00,397,South Elizabethton - Cronaland,Económica,26,6.816666666666666,58.239608801955995,3.295836866004329
73-362,73,East Alethafurt,Dannyland,2023-11-15 21:54:00,2023-11-16 03:53:00,304,East Alethafurt - Dannyland,Económica,43,5.983333333333333,50.807799442896936,3.784189633918261
59-295,59,Lake Brendon,West Liliana,2023-11-15 21:55:00,2023-11-16 07:10:00,473,Lake Brendon - West Liliana,Económica,33,9.25,51.13513513513514,3.5263605246161616
62-306,62,East Karli,Lake Bernhard,2023-11-15 21:55:00,2023-11-15 22:58:00,39,East Karli - Lake Bernhard,Económica,28,1.05,37.14285714285714,3.367295829986474
71-355,71,Littleside,West Coty,2023-11-15 21:55:00,2023-11-16 01:38:00,128,Littleside - West Coty,Económica,54,3.716666666666667,34.43946188340807,4.007333185232471
